{"Mean":{"confidence_interval":{"confidence_level":0.95,"lower_bound":-0.9998401093319617,"upper_bound":-0.999838991521413},"point_estimate":-0.999839554148116,"standard_error":2.851580252613273e-7},"Median":{"confidence_interval":{"confidence_level":0.95,"lower_bound":-0.9998409082305971,"upper_bound":-0.9998386502304529},"point_estimate":-0.9998403576188284,"standard_error":6.589827797914802e-7}}