{"Mean":{"confidence_interval":{"confidence_level":0.95,"lower_bound":15774.04263261818,"upper_bound":15868.410371748827},"point_estimate":15820.86352718224,"standard_error":24.06093434017177},"Median":{"confidence_interval":{"confidence_level":0.95,"lower_bound":15692.91884920635,"upper_bound":15912.682256235828},"point_estimate":15859.597716513505,"standard_error":63.591019183905175},"MedianAbsDev":{"confidence_interval":{"confidence_level":0.95,"lower_bound":239.91672589935644,"upper_bound":357.8675566900603},"point_estimate":318.92999143059575,"standard_error":31.11167161053751},"Slope":{"confidence_interval":{"confidence_level":0.95,"lower_bound":15715.893252065012,"upper_bound":15827.417346766159},"point_estimate":15771.720897211257,"standard_error":28.52688547720323},"StdDev":{"confidence_interval":{"confidence_level":0.95,"lower_bound":215.99367222254725,"upper_bound":264.7367632838977},"point_estimate":241.70346004674545,"standard_error":12.424238294510962}}