{"Mean":{"confidence_interval":{"confidence_level":0.95,"lower_bound":2.5341789746428405,"upper_bound":2.5432034088519715},"point_estimate":2.5383919261602936,"standard_error":0.0023030538086412852},"Median":{"confidence_interval":{"confidence_level":0.95,"lower_bound":2.5288196266647525,"upper_bound":2.5358574767339936},"point_estimate":2.5318639438882715,"standard_error":0.0021206513889977644},"MedianAbsDev":{"confidence_interval":{"confidence_level":0.95,"lower_bound":0.008652816064204026,"upper_bound":0.015868971695839118},"point_estimate":0.01184790193877483,"standard_error":0.0019384255554838019},"Slope":{"confidence_interval":{"confidence_level":0.95,"lower_bound":2.5304030861312397,"upper_bound":2.5363283818505167},"point_estimate":2.533277735769007,"standard_error":0.0015141798918321175},"StdDev":{"confidence_interval":{"confidence_level":0.95,"lower_bound":0.014702174178374244,"upper_bound":0.030781398118234587},"point_estimate":0.023165297785280807,"standard_error":0.004128616089392977}}